instruction,input,output,domain
Évalue ce CV pour un poste d'ingénieur DevOps.,"John Doe
Développeur avec 5 ans d'expérience

Expérience professionnelle:
- DevOps Engineer, TechCorp (2018-2023)
  • Mise en place et gestion de pipelines CI/CD avec Jenkins et GitLab CI
  • Configuration et maintenance d'infrastructures Kubernetes pour le déploiement d'applications
  • Automatisation de déploiements avec Ansible et Terraform
  • Monitoring d'applications avec Prometheus et Grafana

- Développeur Backend, StartupXYZ (2016-2018)
  • Développement d'API REST avec Node.js et Express
  • Maintenance de bases de données PostgreSQL

Formation:
- Master en Informatique, Université de Paris (2016)

Compétences techniques:
- Cloud: AWS, GCP
- Conteneurisation: Docker, Kubernetes
- CI/CD: Jenkins, GitLab CI
- IaC: Terraform, Ansible
- Langages: Python, Bash, JavaScript
- Monitoring: Prometheus, Grafana, ELK Stack","Évaluation du profil pour un poste d'ingénieur DevOps:

Points forts:
- 5 ans d'expérience dont 3 ans directement en tant qu'ingénieur DevOps
- Excellente maîtrise des outils DevOps essentiels: CI/CD (Jenkins, GitLab CI), conteneurisation (Docker, Kubernetes), IaC (Ansible, Terraform)
- Expérience solide en monitoring (Prometheus, Grafana, ELK)
- Bonne connaissance des plateformes cloud (AWS, GCP)
- Compétences en développement (Node.js, Python) qui complètent le profil DevOps

Points d'amélioration potentiels:
- Pas de mention de certifications cloud (AWS/GCP)
- Expérience limitée à deux entreprises

Adéquation globale: 90%
Ce candidat présente un profil solide d'ingénieur DevOps, avec une excellente maîtrise des outils et technologies modernes. Son expérience précédente en développement backend est un atout qui lui permet de mieux comprendre les besoins des développeurs. Il correspond parfaitement aux attentes pour un poste d'ingénieur DevOps.",informatique_reseaux
Analyse ce CV pour un poste en informatique reseaux.,"Pierre Dupont
Ingénieur Réseau

Expérience professionnelle:
- Administrateur réseau chez TechCorp (2018-2023)
- Configuration et maintenance de réseaux LAN/WAN
- Administration de serveurs Windows et Linux
- Mise en place de systèmes de sécurité réseau

Compétences techniques:
- Cisco, Juniper, Fortinet
- TCP/IP, DNS, DHCP
- Pare-feu, VPN, proxys
- Scripting Python et Bash","Compétences identifiées : Administration réseau, TCP/IP, sécurité, serveurs, scripting. Ce profil est adapté pour des postes en informatique reseaux.",informatique_reseaux
Analyse cette offre d'emploi en informatique reseaux.,"Ingénieur Réseau et Sécurité (H/F)

Description du poste:
Notre entreprise recherche un Ingénieur Réseau et Sécurité pour renforcer notre équipe IT. Vous serez responsable de l'administration et de la sécurisation de notre infrastructure réseau.

Responsabilités principales:
- Administration des équipements réseau (switches, routeurs, pare-feu)
- Mise en place et gestion des systèmes de sécurité
- Surveillance et optimisation des performances réseau
- Résolution des incidents techniques

Profil recherché:
- Formation supérieure en informatique/réseaux
- Expérience de 3 ans minimum en administration réseau
- Certification Cisco (CCNA/CCNP) ou équivalent
- Connaissances approfondies en sécurité informatique","Compétences requises : Administration réseau, sécurité informatique, gestion d'équipements, résolution d'incidents, certifications Cisco. Cette offre est classée dans le domaine informatique reseaux.",informatique_reseaux
Analyse ce CV pour un poste en informatique reseaux.,"John Doe
Développeur avec 5 ans d'expérience

Expérience professionnelle:
- DevOps Engineer, TechCorp (2018-2023)
  • Mise en place et gestion de pipelines CI/CD avec Jenkins et GitLab CI
  • Configuration et maintenance d'infrastructures Kubernetes pour le déploiement d'applications
  • Automatisation de déploiements avec Ansible et Terraform
  • Monitoring d'applications avec Prometheus et Grafana

- Développeur Backend, StartupXYZ (2016-2018)
  • Développement d'API REST avec Node.js et Express
  • Maintenance de bases de données PostgreSQL

Formation:
- Master en Informatique, Université de Paris (2016)

Compétences techniques:
- Cloud: AWS, GCP
- Conteneurisation: Docker, Kubernetes
- CI/CD: Jenkins, GitLab CI
- IaC: Terraform, Ansible
- Langages: Python, Bash, JavaScript
- Monitoring: Prometheus, Grafana, ELK Stack","Évaluation du profil pour un poste d'ingénieur DevOps:

Points forts:
- 5 ans d'expérience dont 3 ans directement en tant qu'ingénieur DevOps
- Excellente maîtrise des outils DevOps essentiels: CI/CD (Jenkins, GitLab CI), conteneurisation (Docker, Kubernetes), IaC (Ansible, Terraform)
- Expérience solide en monitoring (Prometheus, Grafana, ELK)
- Bonne connaissance des plateformes cloud (AWS, GCP)
- Compétences en développement (Node.js, Python) qui complètent le profil DevOps

Points d'amélioration potentiels:
- Pas de mention de certifications cloud (AWS/GCP)
- Expérience limitée à deux entreprises

Adéquation globale: 90%
Ce candidat présente un profil solide d'ingénieur DevOps, avec une excellente maîtrise des outils et technologies modernes. Son expérience précédente en développement backend est un atout qui lui permet de mieux comprendre les besoins des développeurs. Il correspond parfaitement aux attentes pour un poste d'ingénieur DevOps.",informatique_reseaux
Évalue les compétences de ce candidat pour informatique reseaux :,"Pierre Dupont
Ingénieur Réseau

Expérience professionnelle:
- Administrateur réseau chez TechCorp (2018-2023)
- Configuration et maintenance de réseaux LAN/WAN
- Administration de serveurs Windows et Linux
- Mise en place de systèmes de sécurité réseau

Compétences techniques:
- Cisco, Juniper, Fortinet
- TCP/IP, DNS, DHCP
- Pare-feu, VPN, proxys
- Scripting Python et Bash","Compétences identifiées : Administration réseau, TCP/IP, sécurité, serveurs, scripting. Ce profil est adapté pour des postes en informatique reseaux.",informatique_reseaux
Prépare une liste de questions d'entretien pour un poste d'ingénieur automaticien.,"Nous recherchons un ingénieur en automatismes avec expertise en automates programmables (Siemens et Schneider) et SCADA, pour notre usine de production agroalimentaire.","Questions techniques pour un ingénieur automaticien:

1. Quelles sont vos expériences avec les automates Siemens (S7) et Schneider (M340/M580)? Décrivez un projet complexe où vous avez utilisé ces plateformes.

2. Comment structurez-vous un programme d'automate pour assurer sa maintenabilité et sa lisibilité? Quelles méthodologies appliquez-vous?

3. Pouvez-vous décrire votre expérience avec les systèmes SCADA? Quels logiciels avez-vous utilisés (WinCC, Wonderware, etc.)?

4. Comment approchez-vous la sécurité des systèmes automatisés, particulièrement dans un environnement agroalimentaire soumis à des normes strictes?

5. Décrivez comment vous implémenteriez une architecture de communication entre plusieurs automates et un système SCADA centralisé.

6. Quelle est votre expérience en dépannage de systèmes automatisés en production? Comment procédez-vous pour minimiser les temps d'arrêt?

7. Comment abordez-vous la documentation d'un système d'automatisme?

8. Avez-vous de l'expérience avec les protocoles industriels comme Profinet, Modbus, OPC UA? Dans quels contextes les avez-vous utilisés?

Questions comportementales:

1. Décrivez une situation où vous avez dû résoudre un problème critique sur une ligne de production. Comment avez-vous procédé?

2. Comment collaborez-vous avec les équipes de production et de maintenance?

3. Comment gérez-vous les demandes de modifications urgentes tout en maintenant l'intégrité et la stabilité des systèmes?",automatismes_info_industrielle
Analyse ce CV pour un poste en automatismes info industrielle.,"Marie Lambert
Ingénieure en Automatisme

Expérience professionnelle:
- Ingénieure automaticienne chez IndusTech (2015-2023)
- Programmation d'automates Siemens et Schneider
- Conception de systèmes SCADA
- Mise en service d'installations industrielles

Compétences techniques:
- TIA Portal, Step7, Unity Pro
- HMI/IHM, WinCC
- Réseaux industriels Profinet, Modbus
- Programmation C++ et Python pour systèmes embarqués","Compétences identifiées : Automatisme industriel, programmation d'automates, SCADA, réseaux industriels. Ce profil est adapté pour des postes en automatismes info industrielle.",automatismes_info_industrielle
Analyse cette offre d'emploi en automatismes info industrielle.,"Ingénieur Automaticien (H/F)

Description du poste:
Nous recrutons un Ingénieur Automaticien pour notre usine de production. Vous serez en charge de la programmation et de la maintenance des systèmes automatisés.

Responsabilités principales:
- Programmation d'automates industriels
- Mise en service des installations automatisées
- Maintenance et dépannage des systèmes
- Amélioration des processus industriels

Profil recherché:
- Formation en automatisme industriel
- Expertise en programmation Siemens S7, TIA Portal
- Connaissances en réseaux industriels (Profinet, Profibus)
- Expérience en supervision SCADA/HMI","Compétences requises : Programmation d'automates, maintenance industrielle, SCADA, réseaux industriels, Siemens S7. Cette offre est classée dans le domaine automatismes info industrielle.",automatismes_info_industrielle
Analyse cette offre d'emploi en automatismes info industrielle.,"Nous recherchons un ingénieur en automatismes avec expertise en automates programmables (Siemens et Schneider) et SCADA, pour notre usine de production agroalimentaire.","Questions techniques pour un ingénieur automaticien:

1. Quelles sont vos expériences avec les automates Siemens (S7) et Schneider (M340/M580)? Décrivez un projet complexe où vous avez utilisé ces plateformes.

2. Comment structurez-vous un programme d'automate pour assurer sa maintenabilité et sa lisibilité? Quelles méthodologies appliquez-vous?

3. Pouvez-vous décrire votre expérience avec les systèmes SCADA? Quels logiciels avez-vous utilisés (WinCC, Wonderware, etc.)?

4. Comment approchez-vous la sécurité des systèmes automatisés, particulièrement dans un environnement agroalimentaire soumis à des normes strictes?

5. Décrivez comment vous implémenteriez une architecture de communication entre plusieurs automates et un système SCADA centralisé.

6. Quelle est votre expérience en dépannage de systèmes automatisés en production? Comment procédez-vous pour minimiser les temps d'arrêt?

7. Comment abordez-vous la documentation d'un système d'automatisme?

8. Avez-vous de l'expérience avec les protocoles industriels comme Profinet, Modbus, OPC UA? Dans quels contextes les avez-vous utilisés?

Questions comportementales:

1. Décrivez une situation où vous avez dû résoudre un problème critique sur une ligne de production. Comment avez-vous procédé?

2. Comment collaborez-vous avec les équipes de production et de maintenance?

3. Comment gérez-vous les demandes de modifications urgentes tout en maintenant l'intégrité et la stabilité des systèmes?",automatismes_info_industrielle
Évalue les compétences de ce candidat pour automatismes info industrielle :,"Marie Lambert
Ingénieure en Automatisme

Expérience professionnelle:
- Ingénieure automaticienne chez IndusTech (2015-2023)
- Programmation d'automates Siemens et Schneider
- Conception de systèmes SCADA
- Mise en service d'installations industrielles

Compétences techniques:
- TIA Portal, Step7, Unity Pro
- HMI/IHM, WinCC
- Réseaux industriels Profinet, Modbus
- Programmation C++ et Python pour systèmes embarqués","Compétences identifiées : Automatisme industriel, programmation d'automates, SCADA, réseaux industriels. Ce profil est adapté pour des postes en automatismes info industrielle.",automatismes_info_industrielle
Analyse les compétences clés pour un poste en finance d'entreprise.,"Nous cherchons à identifier les compétences essentielles pour un analyste financier senior qui travaillera sur les rapports financiers, l'analyse budgétaire et la planification stratégique dans une entreprise manufacturière internationale.","Compétences clés pour un analyste financier senior en entreprise manufacturière internationale:

1. Compétences techniques financières:
   - Maîtrise avancée de l'analyse financière et reporting (ratios, tendances, prévisions)
   - Expertise en contrôle de gestion et analyse des écarts budgétaires
   - Capacité à réaliser des modèles financiers complexes et analyses de rentabilité
   - Connaissance des normes comptables internationales (IFRS) et pratiques de consolidation
   - Compréhension des enjeux fiscaux internationaux et prix de transfert

2. Compétences analytiques:
   - Excellence en analyse de données financières volumineuses
   - Capacité à traduire des données complexes en insights stratégiques
   - Aptitude à identifier les risques financiers et proposer des mitigations
   - Compétences en prévision et planification financière à long terme

3. Compétences techniques spécifiques au secteur manufacturier:
   - Compréhension des structures de coûts en environnement industriel
   - Familiarité avec l'analyse de la chaîne d'approvisionnement et ses impacts financiers
   - Connaissance des KPIs spécifiques au secteur manufacturier

4. Compétences technologiques:
   - Maîtrise avancée d'Excel et des outils d'analyse financière
   - Expérience avec des ERP (SAP, Oracle)
   - Compétences en BI et visualisation de données (Power BI, Tableau)

5. Soft skills essentiels:
   - Communication claire des concepts financiers à des audiences non-financières
   - Capacité à collaborer avec différents départements (opérations, ventes, etc.)
   - Rigueur et précision extrêmes
   - Éthique professionnelle irréprochable
   - Gestion efficace du temps et des priorités multiples

6. Compétences contextuelles internationales:
   - Compréhension des enjeux multiculturels en finance
   - Capacité à analyser les risques liés aux devises et marchés internationaux
   - Adaptabilité aux différentes réglementations financières régionales",finance
Analyse ce CV pour un poste en finance.,"Thomas Martin
Analyste Financier

Expérience professionnelle:
- Analyste financier chez BanqueInvest (2016-2023)
- Analyse de portefeuilles d'investissement
- Modélisation financière et valorisation d'actifs
- Évaluation de risques financiers

Compétences techniques:
- Excel, VBA, PowerBI
- Bloomberg Terminal, Reuters
- Analyse statistique avec R et Python
- Normes IFRS, audit financier","Compétences identifiées : Analyse financière, modélisation, évaluation de risques, outils spécialisés. Ce profil est adapté pour des postes en finance.",finance
Analyse cette offre d'emploi en finance.,"Analyste Financier Senior (H/F)

Description du poste:
Pour notre département financier, nous recherchons un Analyste Financier Senior capable d'effectuer des analyses approfondies et de conseiller sur les décisions d'investissement.

Responsabilités principales:
- Analyse financière et modélisation
- Évaluation des opportunités d'investissement
- Préparation de rapports financiers
- Présentation des recommandations à la direction

Profil recherché:
- Master en finance ou équivalent
- 5 ans d'expérience minimum en analyse financière
- Maîtrise avancée d'Excel et des outils financiers
- Connaissance des marchés financiers et produits d'investissement","Compétences requises : Analyse financière, modélisation, évaluation d'investissements, reporting, connaissance des marchés. Cette offre est classée dans le domaine finance.",finance
Analyse cette offre d'emploi en finance.,"Nous cherchons à identifier les compétences essentielles pour un analyste financier senior qui travaillera sur les rapports financiers, l'analyse budgétaire et la planification stratégique dans une entreprise manufacturière internationale.","Compétences clés pour un analyste financier senior en entreprise manufacturière internationale:

1. Compétences techniques financières:
   - Maîtrise avancée de l'analyse financière et reporting (ratios, tendances, prévisions)
   - Expertise en contrôle de gestion et analyse des écarts budgétaires
   - Capacité à réaliser des modèles financiers complexes et analyses de rentabilité
   - Connaissance des normes comptables internationales (IFRS) et pratiques de consolidation
   - Compréhension des enjeux fiscaux internationaux et prix de transfert

2. Compétences analytiques:
   - Excellence en analyse de données financières volumineuses
   - Capacité à traduire des données complexes en insights stratégiques
   - Aptitude à identifier les risques financiers et proposer des mitigations
   - Compétences en prévision et planification financière à long terme

3. Compétences techniques spécifiques au secteur manufacturier:
   - Compréhension des structures de coûts en environnement industriel
   - Familiarité avec l'analyse de la chaîne d'approvisionnement et ses impacts financiers
   - Connaissance des KPIs spécifiques au secteur manufacturier

4. Compétences technologiques:
   - Maîtrise avancée d'Excel et des outils d'analyse financière
   - Expérience avec des ERP (SAP, Oracle)
   - Compétences en BI et visualisation de données (Power BI, Tableau)

5. Soft skills essentiels:
   - Communication claire des concepts financiers à des audiences non-financières
   - Capacité à collaborer avec différents départements (opérations, ventes, etc.)
   - Rigueur et précision extrêmes
   - Éthique professionnelle irréprochable
   - Gestion efficace du temps et des priorités multiples

6. Compétences contextuelles internationales:
   - Compréhension des enjeux multiculturels en finance
   - Capacité à analyser les risques liés aux devises et marchés internationaux
   - Adaptabilité aux différentes réglementations financières régionales",finance
Évalue les compétences de ce candidat pour finance :,"Thomas Martin
Analyste Financier

Expérience professionnelle:
- Analyste financier chez BanqueInvest (2016-2023)
- Analyse de portefeuilles d'investissement
- Modélisation financière et valorisation d'actifs
- Évaluation de risques financiers

Compétences techniques:
- Excel, VBA, PowerBI
- Bloomberg Terminal, Reuters
- Analyse statistique avec R et Python
- Normes IFRS, audit financier","Compétences identifiées : Analyse financière, modélisation, évaluation de risques, outils spécialisés. Ce profil est adapté pour des postes en finance.",finance
Analyse ce CV pour un poste en genie civil btp.,"Sophie Moreau
Ingénieure Génie Civil

Expérience professionnelle:
- Conductrice de travaux chez BâtiConstruct (2017-2023)
- Suivi de chantiers de construction
- Calculs de structures béton et métalliques
- Coordination d'équipes techniques

Compétences techniques:
- AutoCAD, Revit, BIM
- Eurocode, calcul de structures
- Gestion de projets de construction
- Suivi budgétaire et planning de chantier","Compétences identifiées : Conduite de travaux, calcul de structures, BIM, gestion de projets. Ce profil est adapté pour des postes en genie civil btp.",civil_btp
Analyse cette offre d'emploi en genie civil btp.,"Ingénieur Structure BTP (H/F)

Description du poste:
Dans le cadre de notre développement, nous recrutons un Ingénieur Structure pour nos projets de construction. Vous serez responsable des calculs et de la conception des structures.

Responsabilités principales:
- Calcul et dimensionnement de structures
- Réalisation de plans d'exécution
- Suivi technique des chantiers
- Consultation et négociation avec les sous-traitants

Profil recherché:
- Diplôme d'ingénieur en génie civil
- Expérience en bureau d'études structures
- Maîtrise des logiciels Robot, SAP2000 ou équivalent
- Connaissance des Eurocodes et normes de construction","Compétences requises : Calcul de structures, plans d'exécution, suivi de chantier, logiciels spécialisés, normes BTP. Cette offre est classée dans le domaine genie civil btp.",civil_btp
Analyse ce CV pour un poste en civil btp.,"Sophie Moreau
Ingénieure Génie Civil

Expérience professionnelle:
- Conductrice de travaux chez BâtiConstruct (2017-2023)
- Suivi de chantiers de construction
- Calculs de structures béton et métalliques
- Coordination d'équipes techniques

Compétences techniques:
- AutoCAD, Revit, BIM
- Eurocode, calcul de structures
- Gestion de projets de construction
- Suivi budgétaire et planning de chantier","Compétences identifiées : Conduite de travaux, calcul de structures, BIM, gestion de projets. Ce profil est adapté pour des postes en genie civil btp.",civil_btp
Évalue les compétences requises pour ce poste en civil btp :,"Ingénieur Structure BTP (H/F)

Description du poste:
Dans le cadre de notre développement, nous recrutons un Ingénieur Structure pour nos projets de construction. Vous serez responsable des calculs et de la conception des structures.

Responsabilités principales:
- Calcul et dimensionnement de structures
- Réalisation de plans d'exécution
- Suivi technique des chantiers
- Consultation et négociation avec les sous-traitants

Profil recherché:
- Diplôme d'ingénieur en génie civil
- Expérience en bureau d'études structures
- Maîtrise des logiciels Robot, SAP2000 ou équivalent
- Connaissance des Eurocodes et normes de construction","Compétences requises : Calcul de structures, plans d'exécution, suivi de chantier, logiciels spécialisés, normes BTP. Cette offre est classée dans le domaine genie civil btp.",civil_btp
"Pour un rôle en civil btp, que penses-tu de ce profil ?","Sophie Moreau
Ingénieure Génie Civil

Expérience professionnelle:
- Conductrice de travaux chez BâtiConstruct (2017-2023)
- Suivi de chantiers de construction
- Calculs de structures béton et métalliques
- Coordination d'équipes techniques

Compétences techniques:
- AutoCAD, Revit, BIM
- Eurocode, calcul de structures
- Gestion de projets de construction
- Suivi budgétaire et planning de chantier","Compétences identifiées : Conduite de travaux, calcul de structures, BIM, gestion de projets. Ce profil est adapté pour des postes en genie civil btp.",civil_btp
Détermine les compétences essentielles pour un ingénieur en génie industriel.,Nous recrutons un ingénieur en génie industriel pour optimiser nos processus de production et mettre en place des méthodes d'amélioration continue dans notre usine automobile.,"Compétences essentielles pour un ingénieur en génie industriel dans l'industrie automobile:

1. Optimisation des processus industriels:
   - Maîtrise des principes du Lean Manufacturing et Six Sigma (idéalement certification Green/Black Belt)
   - Expertise en analyse et cartographie des flux (VSM - Value Stream Mapping)
   - Capacité à identifier les gaspillages et mettre en œuvre des solutions d'élimination
   - Connaissance des méthodes d'équilibrage de lignes de production

2. Amélioration continue:
   - Expérience en déploiement de méthodes Kaizen et ateliers d'amélioration
   - Maîtrise des outils d'analyse de cause racine (5 Pourquoi, Ishikawa, PDCA)
   - Capacité à mettre en place et suivre des indicateurs de performance (KPIs)
   - Connaissance des systèmes de suggestions et d'implication du personnel

3. Gestion de production automobile:
   - Compréhension des contraintes spécifiques à l'industrie automobile
   - Expérience en planification et ordonnancement de production
   - Connaissance des systèmes de production (JIT, Kanban, SMED, TPM)
   - Familiarité avec les standards qualité du secteur automobile (IATF 16949)

4. Maîtrise des outils et technologies:
   - Connaissance des ERP et MES utilisés dans l'industrie
   - Compétences en analyse de données et utilisation d'outils statistiques
   - Maîtrise des logiciels de simulation de flux et modélisation de processus
   - Familiarité avec les technologies d'Industrie 4.0 (IoT, Analytics)

5. Gestion de projet et leadership:
   - Capacité à piloter des projets d'amélioration multidisciplinaires
   - Compétences en gestion du changement et accompagnement des équipes
   - Aptitude à former et coacher les opérateurs et superviseurs
   - Capacité à communiquer efficacement avec tous les niveaux hiérarchiques

6. Ergonomie et sécurité:
   - Connaissance des principes d'ergonomie des postes de travail
   - Maîtrise des méthodes d'analyse de risques et sécurité au travail
   - Expérience en conception de postes de travail ergonomiques

7. Compétences analytiques et techniques:
   - Solide capacité d'analyse et de résolution de problèmes complexes
   - Maîtrise des outils informatiques et d'analyse de données
   - Connaissance technique des processus de fabrication automobile
   - Compréhension des contraintes qualité et réglementaires",genie_industriel
Analyse ce CV pour un poste en genie industriel.,"Lucas Bernard
Ingénieur Production

Expérience professionnelle:
- Responsable production chez ManuTech (2019-2023)
- Optimisation des chaînes de production
- Implémentation de méthodes Lean/Six Sigma
- Gestion de la qualité et amélioration continue

Compétences techniques:
- ERP, MES, GMAO
- Méthodes Lean, Kaizen, 5S
- Gestion de production et supply chain
- Planification et ordonnancement","Compétences identifiées : Gestion de production, Lean manufacturing, amélioration continue, planification. Ce profil est adapté pour des postes en genie industriel.",genie_industriel
Analyse cette offre d'emploi en genie industriel.,"Ingénieur Méthodes et Amélioration Continue (H/F)

Description du poste:
Nous recherchons un Ingénieur Méthodes pour optimiser nos process de production industrielle et déployer nos démarches d'amélioration continue.

Responsabilités principales:
- Analyse et optimisation des flux de production
- Mise en place de méthodes Lean Manufacturing
- Pilotage de projets d'amélioration continue
- Formation des équipes aux outils de productivité

Profil recherché:
- Formation d'ingénieur en génie industriel
- Expérience en méthodes et amélioration continue
- Certification Lean Six Sigma (Green Belt minimum)
- Maîtrise des outils qualité et performance industrielle","Compétences requises : Optimisation de production, Lean Manufacturing, amélioration continue, gestion de projets industriels. Cette offre est classée dans le domaine genie industriel.",genie_industriel
Analyse cette offre d'emploi en genie industriel.,Nous recrutons un ingénieur en génie industriel pour optimiser nos processus de production et mettre en place des méthodes d'amélioration continue dans notre usine automobile.,"Compétences essentielles pour un ingénieur en génie industriel dans l'industrie automobile:

1. Optimisation des processus industriels:
   - Maîtrise des principes du Lean Manufacturing et Six Sigma (idéalement certification Green/Black Belt)
   - Expertise en analyse et cartographie des flux (VSM - Value Stream Mapping)
   - Capacité à identifier les gaspillages et mettre en œuvre des solutions d'élimination
   - Connaissance des méthodes d'équilibrage de lignes de production

2. Amélioration continue:
   - Expérience en déploiement de méthodes Kaizen et ateliers d'amélioration
   - Maîtrise des outils d'analyse de cause racine (5 Pourquoi, Ishikawa, PDCA)
   - Capacité à mettre en place et suivre des indicateurs de performance (KPIs)
   - Connaissance des systèmes de suggestions et d'implication du personnel

3. Gestion de production automobile:
   - Compréhension des contraintes spécifiques à l'industrie automobile
   - Expérience en planification et ordonnancement de production
   - Connaissance des systèmes de production (JIT, Kanban, SMED, TPM)
   - Familiarité avec les standards qualité du secteur automobile (IATF 16949)

4. Maîtrise des outils et technologies:
   - Connaissance des ERP et MES utilisés dans l'industrie
   - Compétences en analyse de données et utilisation d'outils statistiques
   - Maîtrise des logiciels de simulation de flux et modélisation de processus
   - Familiarité avec les technologies d'Industrie 4.0 (IoT, Analytics)

5. Gestion de projet et leadership:
   - Capacité à piloter des projets d'amélioration multidisciplinaires
   - Compétences en gestion du changement et accompagnement des équipes
   - Aptitude à former et coacher les opérateurs et superviseurs
   - Capacité à communiquer efficacement avec tous les niveaux hiérarchiques

6. Ergonomie et sécurité:
   - Connaissance des principes d'ergonomie des postes de travail
   - Maîtrise des méthodes d'analyse de risques et sécurité au travail
   - Expérience en conception de postes de travail ergonomiques

7. Compétences analytiques et techniques:
   - Solide capacité d'analyse et de résolution de problèmes complexes
   - Maîtrise des outils informatiques et d'analyse de données
   - Connaissance technique des processus de fabrication automobile
   - Compréhension des contraintes qualité et réglementaires",genie_industriel
Évalue les compétences de ce candidat pour genie industriel :,"Lucas Bernard
Ingénieur Production

Expérience professionnelle:
- Responsable production chez ManuTech (2019-2023)
- Optimisation des chaînes de production
- Implémentation de méthodes Lean/Six Sigma
- Gestion de la qualité et amélioration continue

Compétences techniques:
- ERP, MES, GMAO
- Méthodes Lean, Kaizen, 5S
- Gestion de production et supply chain
- Planification et ordonnancement","Compétences identifiées : Gestion de production, Lean manufacturing, amélioration continue, planification. Ce profil est adapté pour des postes en genie industriel.",genie_industriel
